{
  "baseline": {
    "f": 15533,
    "h": 1.647613639623983,
    "cv_t": 9.784140555439226
  },
  "mutated": {
    "f": 34549,
    "h": 1.3717778657298447,
    "cv_t": 173.3677036439304
  },
  "analysis": {
    "missing_events": [],
    "provider_reduction_pct": 0.0
  },
  "trs": 0.7414046360498805
}